Student_NIP;Detection_shape;Questions_asked;Distance;Professors_left;Simulation_duration;Current_stress
0;CONE;3;12640.03;7;95;44.80%
736519;CIRCLE;2;11241.47;8;100;100.00%
736519;CONE;5;33076.19;5;257;100.00%
779601;CIRCLE;2;6184.83;8;100;100.00%
779601;CONE;2;19752.73;8;148;100.00%
817306;CIRCLE;3;11377.77;7;100;100.00%
817306;CONE;3;23574.27;7;178;100.00%
818084;CIRCLE;2;12702.99;8;100;100.00%
818084;CONE;2;17395.74;8;130;99.99%
841115;CIRCLE;2;12695.03;8;100;100.00%
841115;CONE;1;17317.69;9;126;100.00%
844943;CIRCLE;2;12358.85;8;100;100.00%
844943;CONE;2;17737.85;8;133;100.00%
848734;CIRCLE;2;11621.71;8;100;100.00%
848734;CONE;4;44959.37;6;357;100.00%
866690;CIRCLE;2;7657.57;8;100;100.00%
866690;CONE;2;22130.12;8;164;99.99%
868156;CIRCLE;3;8735.56;7;100;100.00%
868156;CONE;3;34047.32;7;262;100.00%
868277;CIRCLE;2;12187.17;8;100;100.00%
868277;CONE;2;24923.27;8;193;100.00%
869654;CIRCLE;2;12353.70;8;100;100.00%
869654;CONE;5;50906.78;5;400;100.00%
870929;CIRCLE;3;13006.49;7;100;100.00%
870929;CONE;6;49756.79;4;379;100.00%
871308;CIRCLE;1;12398.20;9;100;100.00%
871308;CONE;3;26365.89;7;199;100.00%
871337;CIRCLE;3;12909.15;7;100;100.00%
871337;CONE;3;22766.86;7;171;100.00%
872435;CIRCLE;3;11045.84;7;100;100.00%
872435;CONE;7;80088.72;3;619;100.00%
875330;CIRCLE;2;11472.45;8;100;100.00%
875330;CONE;2;17832.69;8;136;100.00%
879578;CIRCLE;4;11649.73;6;100;100.00%
879578;CONE;4;27743.40;6;212;100.00%
885096;CIRCLE;2;13036.70;8;100;100.00%
885096;CONE;3;24193.49;7;182;100.00%
896991;CIRCLE;0;5088.79;10;70;100.00%
896991;CONE;3;26838.48;7;208;100.00%
897071;CIRCLE;2;2811.72;8;74;99.99%
897071;CONE;4;44917.62;6;346;100.00%
897106;CIRCLE;4;8823.22;6;100;100.00%
897106;CONE;3;25298.31;7;194;100.00%
897268;CIRCLE;2;12031.30;8;100;100.00%
897268;CONE;2;23586.22;8;175;100.00%
897967;CIRCLE;2;12917.46;8;100;100.00%
897967;CONE;4;24462.27;6;191;100.00%
898335;CIRCLE;3;6533.83;7;100;100.00%
898335;CONE;2;18130.76;8;134;100.00%
899160;CIRCLE;3;11938.47;7;100;100.00%
899160;CONE;4;33110.57;6;259;100.00%
899548;CIRCLE;1;8661.78;9;100;100.00%
899548;CONE;6;42962.05;4;337;100.00%
899836;CIRCLE;1;13111.73;9;100;100.00%
899836;CONE;2;18042.13;8;139;99.99%
899927;CIRCLE;2;9266.74;8;100;100.00%
899927;CONE;4;50399.57;6;399;100.00%
900990;CIRCLE;1;7452.00;9;100;100.00%
900990;CONE;4;45118.92;6;347;100.00%
901058;CIRCLE;2;12280.29;8;100;100.00%
901058;CONE;5;33274.06;5;255;100.00%
901131;CIRCLE;2;13303.94;8;100;100.00%
901131;CONE;2;20499.53;8;152;99.99%
901201;CIRCLE;2;11492.69;8;100;100.00%
901201;CONE;0;14332.03;10;107;99.99%
901429;CIRCLE;4;11900.96;6;100;100.00%
901429;CONE;1;20112.98;9;155;100.00%
902154;CIRCLE;3;13417.74;7;100;100.00%
902154;CONE;4;30535.75;6;236;100.00%
902232;CIRCLE;1;2633.96;9;64;100.00%
902232;CONE;5;37494.62;5;283;100.00%
902604;CIRCLE;1;3493.19;9;69;100.00%
902604;CONE;3;25880.15;7;194;99.99%
903631;CIRCLE;3;12424.10;7;100;100.00%
903631;CONE;3;22932.26;7;173;100.00%
903930;CIRCLE;1;13014.25;9;100;100.00%
903930;CONE;3;28202.51;7;216;100.00%
903974;CIRCLE;2;10863.34;8;100;100.00%
903974;CONE;4;39927.45;6;304;100.00%
906571;CIRCLE;1;12089.68;9;100;100.00%
906571;CONE;3;44818.40;7;342;100.00%
906699;CIRCLE;2;13034.73;8;100;100.00%
906699;CONE;1;16295.74;9;121;99.99%
908792;CIRCLE;1;13611.38;9;100;100.00%
908792;CONE;3;38859.74;7;288;100.00%
909082;CIRCLE;1;9265.59;9;93;99.99%
909082;CONE;4;29059.97;6;228;100.00%
911512;CIRCLE;3;9817.76;7;100;100.00%
911512;CONE;5;41134.41;5;324;100.00%
918839;CIRCLE;3;13230.81;7;100;100.00%
918839;CONE;2;16709.19;8;125;99.99%
924427;CIRCLE;2;11847.18;8;100;100.00%
924427;CONE;2;18073.60;8;135;100.00%
924640;CIRCLE;1;13408.01;9;100;100.00%
924640;CONE;1;16727.37;9;124;99.99%
924668;CIRCLE;3;10976.13;7;100;100.00%
924668;CONE;3;26212.25;7;200;99.99%
925316;CIRCLE;4;13402.08;6;100;100.00%
925316;CONE;4;22794.58;6;168;100.00%
925359;CIRCLE;3;12104.39;7;100;100.00%
925359;CONE;4;28550.44;6;215;100.00%
925433;CIRCLE;4;7269.24;6;100;100.00%
925433;CONE;3;21420.79;7;160;99.99%
925557;CIRCLE;3;10816.17;7;100;100.00%
925557;CONE;2;19989.73;8;150;100.00%
925820;CIRCLE;2;10315.73;8;100;100.00%
925820;CONE;5;55071.95;5;440;100.00%
926017;CIRCLE;3;6818.84;7;100;100.00%
926017;CONE;4;37715.73;6;296;100.00%
926210;CIRCLE;3;8581.98;7;100;100.00%
926210;CONE;3;39310.63;7;301;99.99%
926216;CIRCLE;3;9488.67;7;100;100.00%
926216;CONE;6;57489.89;4;445;100.00%
926266;CIRCLE;2;13203.60;8;100;100.00%
926266;CONE;4;30099.66;6;229;100.00%
926271;CIRCLE;1;12970.61;9;100;100.00%
926271;CONE;1;15166.19;9;123;99.99%
926354;CIRCLE;0;1287.97;10;55;100.00%
926354;CONE;3;26988.21;7;202;100.00%
926636;CIRCLE;1;11049.33;9;100;100.00%
926636;CONE;3;26259.23;7;203;100.00%
926639;CIRCLE;2;11353.84;8;100;100.00%
926639;CONE;0;15310.74;10;114;99.99%
926748;CIRCLE;2;8530.89;8;100;100.00%
926748;CONE;3;20724.86;7;158;100.00%
927171;CIRCLE;2;12649.27;8;100;100.00%
927171;CONE;1;17248.22;9;127;99.99%
927903;CIRCLE;2;11386.33;8;100;100.00%
927903;CONE;1;18616.17;9;139;100.00%
928139;CIRCLE;2;13036.43;8;100;100.00%
928139;CONE;1;16677.82;9;127;99.99%
928167;CIRCLE;1;11515.59;9;100;100.00%
928167;CONE;0;15425.65;10;115;99.99%
928287;CIRCLE;0;12231.59;10;100;100.00%
928287;CONE;0;15900.07;10;119;100.00%
928540;CIRCLE;2;12181.81;8;100;100.00%
928540;CONE;3;35033.45;7;271;100.00%
928855;CIRCLE;1;11205.52;9;100;100.00%
928855;CONE;2;26407.06;8;206;99.99%
929079;CIRCLE;4;11337.67;6;100;100.00%
929079;CONE;1;18731.59;9;138;99.99%
929089;CIRCLE;1;11779.01;9;100;100.00%
929089;CONE;4;49947.46;6;381;100.00%
929153;CIRCLE;2;10973.72;8;100;100.00%
929153;CONE;3;25801.54;7;195;100.00%
929431;CIRCLE;2;13042.07;8;100;100.00%
929431;CONE;6;54679.63;4;428;100.00%
929433;CIRCLE;1;12968.51;9;100;100.00%
929433;CONE;2;18019.33;8;135;100.00%
929464;CIRCLE;3;6914.87;7;100;100.00%
929464;CONE;1;23389.37;9;178;100.00%
929599;CIRCLE;1;2605.37;9;62;100.00%
929599;CONE;6;59295.71;4;469;99.99%
929674;CIRCLE;1;10068.01;9;100;100.00%
929674;CONE;3;38758.79;7;301;100.00%
929718;CIRCLE;1;7587.41;9;100;100.00%
929718;CONE;0;16265.48;10;122;100.00%
929902;CIRCLE;3;11182.25;7;100;100.00%
929902;CONE;3;19971.28;7;145;100.00%
930078;CIRCLE;2;5323.77;8;100;100.00%
930078;CONE;4;41600.23;6;319;100.00%
930261;CIRCLE;1;13243.38;9;100;100.00%
930261;CONE;2;23312.77;8;175;99.99%
930278;CIRCLE;1;12368.12;9;100;100.00%
930278;CONE;3;24812.70;7;189;100.00%
930545;CIRCLE;3;13477.33;7;100;100.00%
930545;CONE;4;43300.64;6;326;100.00%
930653;CIRCLE;2;4582.08;8;72;100.00%
930653;CONE;1;16940.86;9;125;99.99%
930701;CIRCLE;0;7684.10;10;83;100.00%
930701;CONE;2;28475.68;8;219;99.99%
930702;CIRCLE;2;6762.48;8;100;100.00%
930702;CONE;3;22028.37;7;171;100.00%
930852;CIRCLE;4;11690.15;6;100;100.00%
930852;CONE;7;54164.24;3;422;100.00%
931066;CIRCLE;3;11929.24;7;100;100.00%
931066;CONE;6;50350.86;4;397;99.99%
931258;CIRCLE;3;9019.37;7;100;100.00%
931258;CONE;2;18184.37;8;137;99.99%
931490;CIRCLE;1;11924.06;9;100;100.00%
931490;CONE;6;45634.72;4;353;100.00%
931740;CIRCLE;2;9711.19;8;100;100.00%
931740;CONE;3;45370.75;7;353;99.99%
931842;CIRCLE;2;7428.71;8;100;100.00%
931842;CONE;5;62639.36;5;487;99.99%
931952;CIRCLE;2;10958.01;8;100;100.00%
931952;CONE;2;19278.76;8;147;100.00%
931959;CIRCLE;0;13386.00;10;100;100.00%
931959;CONE;4;62875.43;6;484;100.00%
931995;CIRCLE;1;12295.27;9;100;100.00%
931995;CONE;6;32378.54;4;242;100.00%
933017;CIRCLE;2;10505.49;8;100;100.00%
933017;CONE;3;26425.63;7;209;99.99%
933059;CIRCLE;2;11305.45;8;100;100.00%
933059;CONE;1;17311.92;9;127;99.99%
934549;CIRCLE;1;12813.12;9;100;100.00%
934549;CONE;5;28371.57;5;214;100.00%
934652;CIRCLE;4;12394.28;6;100;100.00%
934652;CONE;2;17706.42;8;138;100.00%
935092;CIRCLE;3;10496.83;7;100;100.00%
935092;CONE;2;22536.37;8;180;99.99%
935101;CIRCLE;3;12209.24;7;100;100.00%
935101;CONE;4;24628.38;6;185;100.00%
935151;CIRCLE;2;11550.28;8;100;100.00%
935151;CONE;0;15675.89;10;116;100.00%
935529;CIRCLE;4;10663.53;6;100;100.00%
935529;CONE;5;42403.64;5;335;100.00%
935713;CIRCLE;1;4090.21;9;68;99.99%
935713;CONE;2;28461.61;8;215;100.00%
936351;CIRCLE;1;11615.91;9;100;100.00%
936351;CONE;4;45594.93;6;357;100.00%
937959;CIRCLE;2;11645.93;8;100;100.00%
937959;CONE;5;44847.97;5;347;100.00%
938852;CIRCLE;2;9674.82;8;100;100.00%
938852;CONE;2;24608.58;8;184;99.99%
938880;CIRCLE;3;7089.04;7;91;99.99%
938880;CONE;2;19176.25;8;143;99.99%
939044;CIRCLE;3;8914.50;7;100;100.00%
939044;CONE;4;31002.48;6;243;100.00%
939316;CIRCLE;1;8296.76;9;100;100.00%
939316;CONE;2;22382.12;8;167;100.00%
939348;CIRCLE;3;10575.90;7;100;100.00%
939348;CONE;4;23969.62;6;179;100.00%
939459;CIRCLE;3;12682.20;7;100;100.00%
939459;CONE;2;22588.02;8;169;99.99%
939540;CIRCLE;1;13419.29;9;100;100.00%
939540;CONE;3;34312.20;7;257;99.99%
943559;CIRCLE;1;12618.52;9;100;100.00%
943559;CONE;4;34354.99;6;266;100.00%
980698;CIRCLE;3;11690.07;7;100;100.00%
980698;CONE;6;29738.04;4;232;100.00%
